province;red;green;blue;x;x
1;42;3;128;Endring;x
2;84;6;1;Baelkyr;x
3;126;9;129;Nilfheim;x
4;168;12;2;Uts;x
5;0;15;130;Fjisgard;x
6;168;45;177;Bfavark;x
7;84;21;131;Mount Hellspire;x
8;126;24;4;Finnsvik;x
9;168;27;132;Kaamoas;x
10;0;30;5;Steinvik;x
11;42;33;133;Njyl;x
12;84;36;6;Voltag;x
13;126;39;134;Frost;x
14;168;42;7;Vanaheim;x
15;0;45;135;Raeryl;x
16;42;48;8;Tyronim;x
17;84;51;136;Ksidioc;x
18;126;54;9;Saimaakild;x
19;168;57;137;Iskvard;x
20;0;60;10;Stavgard;x
21;42;63;138;Iisgalt;x
22;84;66;11;Tanngniost;x
23;126;69;139;Trassel;x
24;168;72;12;Turui;x
25;0;75;140;Kraka Borkum;x
26;42;78;13;Kraka Ungrim;x
27;126;84;14;Kraka Uilorag;x
28;84;81;141;Fyodravik;x
29;168;87;142;Mount Barak;x
30;0;90;15;Karag Fyrik;x
31;42;93;143;Yelstir Hills;x
32;84;96;16;Cungal Hills;x
33;126;99;144;Hragyl;x
34;168;102;17;Eyrir;x
35;0;105;145;Fena;x
36;42;108;18;Aarvik;x
37;84;111;146;Mount Vanir;x
38;126;114;19;Hjemsokt Skog;x
39;168;117;147;Ulfsland;x
40;0;120;20;Birka;x
41;42;123;148;Thimbulvintr;x
42;84;126;21;Tolum;x
43;126;129;149;Ryval Passage;x
44;168;132;22;Fyruval's Passage;x
45;0;135;150;Ikrumal Ravine;x
46;42;138;23;Jaol's Apex;x
47;84;141;151;Cardariborg;x
48;126;144;24;Narvaash;x
49;168;147;152;Teeth of the Kraken;x
50;0;150;25;Novgoborg;x
51;42;153;153;Serulborg;x
52;84;156;26;Norscveg;x
53;126;159;154;Aldeigborg;x
54;168;162;27;Sorg;x
55;0;165;155;Hills of Grofnir;x
56;42;168;28;Lars' Peninsula;x
57;84;171;156;Isle of Gaman;x
58;126;174;29;Kraka Hakut;x
59;168;177;157;Kraka Untylum;x
60;0;180;30;Khazid Untulum;x
61;42;183;158;Drageberg;x
62;84;186;31;Kraka Hyfol;x
63;126;189;159;Morghaar;x
64;168;192;32;Syrul's Pinnacle;x
65;0;195;160;Durfang;x
66;42;198;33;Jotunir;x
67;84;201;161;Everthunder;x
68;126;204;34;Askreved;x
69;168;207;162;Staardholm;x
70;0;210;35;Olricstaad;x
71;42;0;163;Feigr;x
72;84;3;36;Suderholm;x
73;126;6;164;Stromstaad;x
74;168;9;37;Skyggehaug;x
75;0;12;165;Trollheim;x
76;42;15;38;Everkjole;x
77;84;18;166;Forbannet Skog;x
78;126;21;39;Jarluns;x
79;168;24;167;Kaldr;x
80;0;27;40;Passere Brann;x
81;42;30;168;Fimbulvintr Wood;x
82;84;33;41;Fuinn;x
83;126;36;169;Raseri Oks;x
84;168;39;42;Erkum;x
85;0;42;170;Kazad Grontunt;x
86;42;45;43;Khazid Skovekarag;x
87;84;48;171;Kraka Ornsmotek;x
88;126;51;44;Kraka Dunkor;x
89;168;54;172;Kazad Fundervol;x
90;0;57;45;Fell Grjot;x
91;42;60;173;Braka Vollr;x
92;84;63;46;Snara Forest;x
93;126;66;174;Ergren's Peninsula;x
94;168;69;47;Drergen Mort;x
95;0;72;175;Forest of Frykt;x
96;42;75;48;Kazad Dumond;x
97;84;78;176;Blodh Hals;x
98;126;81;49;Rugard;x
99;168;84;177;Svartblodgard;x
100;0;87;50;Vollrvordhr;x
101;42;90;178;Frossborg;x
102;84;93;51;Snaegrvold;x
103;126;96;179;Blindr Valley;x
104;168;99;52;Blakkr Kadrin;x
105;0;102;180;Grung Dobekzhuf;x
106;42;105;53;Khazid Fneldurk;x
107;84;108;181;Kadrin Svell;x
108;126;111;54;Grung Kuldongor;x
109;168;114;182;Kazad Duradel;x
110;0;117;55;Barak Vordhr;x
111;42;120;183;Kraka Unduzul;x
112;84;123;56;Grung Trakekarag;x
113;126;126;184;Kraka Drang;x
114;168;129;57;Kylklava Valley;x
115;0;132;185;Korv Ozero;x
116;42;135;58;Khazid Ravik;x
117;84;138;186;Kraka Drak;x
118;126;141;59;Taldursfjord;x
119;168;144;187;Grontfell;x
120;0;147;60;Frjosafit;x
121;42;150;188;Gala Forest;x
122;84;153;61;Svidha Point;x
123;126;156;189;Terkum;x
124;168;159;62;Svartrblodhr;x
125;0;162;190;Blodhfell;x
126;42;165;63;Draksfjord;x
127;84;168;191;Vinteerholm;x
128;126;171;64;Sidhastr Van;x
129;168;174;192;Icewind Pass;x
130;0;177;65;Urslo;x
131;42;180;193;Ey Kragmor;x
132;84;183;66;Nazcalla;x
133;126;186;194;Eyland Feiknstafir;x
134;168;189;67;Vollr-Azkhaguul;x
135;0;192;195;Shadowmoor Pass;x
136;42;195;68;Tivar Peak;x
137;84;198;196;Fjall-Azkhaguul;x
138;126;201;69;The Czegniks;x
139;168;204;197;Artuulian Range;x
140;0;207;70;Haussbraut;x
141;42;210;198;Wulfsiege;x
142;84;0;71;Graennae;x
143;126;3;199;Aponnia;x
144;168;6;72;Gotland;x
145;0;9;200;Thorshafn;x
146;42;12;73;Skraevold;x
147;84;15;201;Sturen Ridge;x
148;126;18;74;Galafell;x
149;168;21;202;Zamak Spanyenya;x
150;0;24;75;Bolensk;x
151;42;27;203;Styr's Ridge;x
152;84;30;76;Dhazyn;x
153;126;33;204;Kurson Haugr;x
154;168;36;77;Kaminski;x
155;0;39;205;Zoishenk;x
156;42;42;78;Dzzijk;x
157;84;45;206;Hurajik;x
158;126;48;79;Dzyatlava;x
159;168;51;207;Ostrosk;x
160;0;54;80;Zenilev;x
161;42;57;208;Tobol;x
162;84;60;81;Tolsol;x
163;126;63;209;Goranitch;x
164;168;66;82;Turaw;x
165;0;69;210;Petrikov;x
166;42;72;83;Maja Uvemny;x
167;84;75;211;Crags of Shargun;x
168;126;78;84;Oduin Wood;x
169;168;81;212;Zhedevka;x
170;0;84;85;The Golinyi;x
171;42;87;213;Kacirk;x
172;84;90;86;Fanipalo;x
173;126;93;214;Stolbstyvoisk;x
174;168;96;87;Forest of Borisov;x
175;0;99;215;Erengrad;x
176;42;102;88;Grovod Forest;x
177;84;105;216;Vitzy;x
178;126;108;89;Megion;x
179;168;111;217;Zeya;x
180;0;114;90;Bolgasgrad;x
181;42;117;218;Salair;x
182;84;120;91;Praag;x
183;126;123;219;Volksgrad;x
184;168;126;92;Dukhyls Forest;x
185;0;129;220;Novehozy;x
186;42;132;93;Arzamas;x
187;84;135;221;Izobilny;x
188;126;138;94;Tesov;x
189;168;141;222;Ob;x
190;0;144;95;Staslav;x
191;42;147;223;Taldom;x
192;84;150;96;Vdovya;x
193;126;153;224;Uvetsyn;x
194;168;156;97;Dukhyls Spirits;x
195;0;159;225;Krakjunov;x
196;42;162;98;Koniecpole;x
197;84;165;226;Plowce;x
198;126;168;99;Jydske;x
199;168;171;227;Wizna;x
200;0;174;0;Blotno;x
201;42;177;128;Zabow;x
202;84;180;1;Kislev;x
203;126;183;129;Shirokij Forest;x
204;168;186;2;Ptorsk;x
205;0;189;130;Resvynhaf;x
206;42;192;3;Rakhov;x
207;84;195;131;Kyrnoka;x
208;126;198;4;Vitevo;x
209;168;201;132;Boguchar;x
210;0;204;5;Belev;x
211;42;207;133;Chernigov;x
212;84;210;6;Polotsk;x
213;126;0;134;Pugacheyev;x
214;168;3;7;Kalinora;x
215;0;6;135;Vetluga;x
216;42;9;8;Flainaut;x
217;84;12;136;Brabois;x
218;126;15;9;Almshoven;x
219;168;18;137;Landrel Barrow;x
220;0;21;10;Markenbinnen;x
221;42;24;138;Noordbeemster;x
222;84;27;11;Marienburg;x
223;126;30;139;Klessen;x
224;168;33;12;Fauligmere;x
225;0;36;140;Manaanspoort;x
226;42;39;13;Velsen;x
227;84;42;141;Ankeeven;x
228;126;45;14;Harenskarpel;x
229;168;48;142;Buuren;x
230;0;51;15;Harskamp;x
231;42;54;143;Aarnau;x
232;84;57;16;Schadelbruck;x
233;126;60;144;Schaukel;x
234;168;63;17;Hargendorf;x
235;0;66;145;Gelnhausen;x
236;42;69;18;Manaansufer;x
237;84;72;146;Luftberg;x
238;126;75;19;Kurtwallen;x
239;168;78;147;Salzenmund;x
240;0;81;20;Norden;x
241;42;84;148;Limshof;x
242;84;87;21;Dorfmark;x
243;126;138;49;Salkalten;x
244;168;93;22;Huven;x
245;0;96;150;Friedmark;x
246;42;99;23;Rossin;x
247;84;102;151;Ferlangen;x
248;126;105;24;Roezfels;x
249;168;108;152;Gauschdorf;x
250;0;111;25;Bohsenfels;x
251;42;114;153;Dassel;x
252;84;117;26;Vandengart;x
253;126;120;154;Ristedt;x
254;168;123;27;Wolfenburg;x
255;0;126;155;Brizban;x
256;42;129;28;Nettburg;x
257;84;132;156;Wurzen;x
258;126;135;29;Selonian Hills;x
259;168;138;157;Roterwald;x
260;0;141;30;Spuktichtung;x
261;42;144;158;Finsternchen;x
262;84;147;31;Entsetzlichigelhuegel;x
263;126;150;159;Wouduin;x
264;168;153;32;Pinnesberg;x
265;0;156;160;Winsen;x
266;42;159;33;Isenbuttel;x
267;84;162;161;Seidewald;x
268;126;165;34;Scheinfeld;x
269;168;168;162;Mittelwig;x
270;0;171;35;Carroburg;x
271;42;174;163;Nordlichturm;x
272;84;177;36;Suderende;x
273;126;180;164;Kammendun;x
274;168;183;37;Middenheim;x
275;0;186;165;Malstedt;x
276;42;189;38;Middenstag;x
277;84;192;166;Grimminhagen;x
278;126;195;39;Bad Hohne;x
279;168;198;167;Holtdorf;x
280;0;201;40;Coburg;x
281;42;204;168;Kutenholz;x
282;84;207;41;Krudenwald;x
283;126;210;169;Bergendorf;x
284;168;0;42;Heedenhof;x
285;0;3;170;Kiefer;x
286;42;6;43;Eiskalt;x
287;84;9;171;Ahlenhof;x
288;126;12;44;Igelhuegel;x
289;168;15;172;Ketzin;x
290;0;18;45;Vodf;x
291;42;21;173;Markdorf;x
292;84;24;46;Hergig;x
293;126;27;174;Merxheim;x
294;168;30;47;Schilderheim;x
295;0;33;175;Holthusen;x
296;42;36;48;Boegenhafen;x
297;84;39;176;Osburg;x
298;126;42;49;Furdienst;x
299;43;81;138;Altdorf;x
300;0;48;50;Hagercrybs;x
301;42;51;178;Moerlenfurt;x
302;84;54;51;Reikgard;x
303;126;57;179;Auerswald;x
304;168;60;52;Uebersreik;x
305;0;63;180;Grunburg;x
306;42;66;53;Dunkelburg;x
307;84;69;181;Wittgendorf;x
308;126;72;54;Grissenwald;x
309;168;75;182;Nuln;x
310;0;78;55;Wissenburg;x
311;42;81;183;Durbheim;x
312;84;84;56;Wurmgrube;x
313;126;87;184;Kelgard;x
314;168;90;57;Wusterberg;x
315;0;93;185;Sonnefurt;x
316;42;96;58;Pfeildorf;x
317;84;99;186;Sexau;x
318;126;102;59;Staig;x
319;168;105;187;Pforzen;x
320;0;108;60;Wittenhausen;x
321;42;111;188;Aulen;x
322;84;114;61;Kroppenleben;x
323;126;117;189;Steingart;x
324;146;22;58;Talabheim;x
325;114;10;40;Talagaad;x
326;136;35;64;Volgen;x
327;148;0;43;Farlichberge;x
328;225;18;78;Kemperbad;x
329;193;2;57;Unterbaum;x
330;248;1;73;Toerpin;x
331;180;13;62;Kargberge;x
332;224;61;108;Gostahof;x
333;168;19;62;Krugenheim;x
334;194;12;64;Ossino;x
335;162;4;49;Kuesel;x
336;221;37;90;Ostlichrand;x
337;186;87;115;Bek;x
338;126;162;69;Borkrum;x
339;168;165;197;Menshenfresserhoffen;x
340;0;168;70;Rugenbuttle;x
341;42;171;198;Nattern;x
342;84;174;71;Teichel;x
343;126;177;199;Wurtbad;x
344;168;180;72;Oehling;x
345;0;183;200;Ramsau;x
346;42;186;73;Zaya;x
347;84;189;201;Stirhuegel;x
348;126;192;74;Woerdern;x
349;168;195;202;Leithagberge;x
350;0;198;75;Eicheschatten;x
351;42;201;203;Greenleafs;x
352;84;204;76;Leedleton;x
353;126;207;204;Lengenfeld;x
354;168;210;77;Colmfaehre;x
355;0;0;205;Streissen;x
356;42;3;78;Wuppertal;x
357;84;6;206;Averheim;x
358;126;9;79;Longingbruck;x
359;168;12;207;Sauerapfel;x
360;0;15;80;Hocheleben;x
361;42;18;208;Aver March;x
362;84;21;81;Grenzstadt;x
363;126;24;209;Pfungzig;x
364;168;27;82;Niebelwald;x
365;0;30;210;Bernloch;x
366;42;33;83;Bechafen;x
367;84;36;211;Fortenhaf;x
368;126;39;84;The Veldt;x
369;168;42;212;Rundespitze;x
370;0;45;85;Mordheim;x
371;42;48;213;Carlsbruck;x
372;84;51;86;Kolhov;x
373;126;54;214;Regak;x
374;168;57;87;Nagenhof;x
375;0;60;215;Siegfriedhof;x
376;42;63;88;Koenigstein;x
377;84;66;216;Brachland;x
378;126;69;89;Sternieste;x
379;168;72;217;Vanhaldenhof;x
380;0;75;90;Tempelhof;x
381;42;78;218;Mikaldorf;x
382;84;81;91;Waldenhof;x
383;126;84;219;Sumpfdorf;x
384;168;87;92;Wartenhof;x
385;0;90;220;Nachthafen;x
386;42;93;93;Drakenhof;x
387;84;96;221;Fennonhuegel;x
388;126;99;94;Schramleben;x
389;168;102;222;Sigmaringen;x
390;0;105;95;Aydemir;x
391;42;108;223;Sopot;x
392;84;111;96;Ribaritsa;x
393;126;114;224;Blatnista;x
394;168;117;97;Katunets;x
395;0;120;225;Kathuul;x
396;42;123;98;Poibrene;x
397;84;126;226;Lesichovo;x
398;126;129;99;Jakki;x
399;168;132;227;Nyarammog;x
400;0;135;0;Panitsovo;x
401;42;138;128;Mokrishte;x
402;84;141;1;Dragotintsi;x
403;126;144;129;Chavdar;x
404;168;147;2;Sarog;x
405;0;150;130;Zanbaijin;x
406;42;153;3;Izvor;x
407;84;156;131;Delyan;x
408;126;159;4;Skutare;x
409;168;162;132;Dragoynovo;x
410;0;165;5;Graf;x
411;42;168;133;Arda;x
412;84;171;6;Overjul;x
413;126;174;134;Qernildom;x
414;168;177;7;Hjornsum;x
415;0;180;135;Karak Jarghal;x
416;42;183;8;Unzkulak;x
417;84;186;136;Karak Farjul;x
418;126;189;9;Karak Vlag;x
419;168;192;137;Belyavorota Pass;x
420;0;195;10;Kazad Opulim;x
421;42;198;138;Karak Brianal;x
422;84;201;11;Karak Unlivak;x
423;126;204;139;Karak Eragol;x
424;168;207;12;Silver Pinnacle;x
425;0;210;140;Karak Gorzul;x
426;42;0;13;Plains of Kirulg;x
427;84;3;141;Karak Zan;x
428;126;6;14;Luvuag;x
429;168;9;142;Plains of the Divuildud;x
430;0;12;15;West Rock Mountain;x
431;42;15;143;Karak Kor;x
432;84;18;16;Ironhide;x
433;42;87;63;Red Eye Mountain;x
434;168;24;17;Mount Karlnir;x
435;0;27;145;Kazad Hurlidan;x
436;42;30;18;Slayer Keep;x
437;84;33;146;Khazid Erakkial;x
438;126;36;19;Karak Angazhar;x
439;168;39;147;Booming Peak;x
440;0;42;20;Black Fire Pass;x
441;42;45;148;Cragmere;x
442;84;48;21;Zhufbar;x
443;126;51;149;Grung Gundrikson;x
444;168;54;22;Kadrin Gorm;x
445;0;57;150;Karak Raziak;x
446;42;60;23;Khazid Irkulaz;x
447;84;63;151;Drakenmoor;x
448;126;66;24;Iron Hills;x
449;168;69;152;Grom Peak;x
450;0;72;25;Mount Gunbad;x
451;42;75;153;Everpeak;x
452;84;78;26;Kazad Urkbavak;x
453;126;81;154;Silver Pass;x
454;168;84;27;Dead Rock Gap;x
455;0;87;155;Mount Silverspear;x
456;42;90;28;Haraz;x
457;84;93;156;Konar;x
458;126;96;29;Lantai;x
459;168;99;157;Dagrolad;x
460;0;102;30;Sovia;x
461;42;105;158;Varag Kadrin;x
462;84;108;31;Thunder Mountain;x
463;126;111;159;Karag Grimstok;x
464;168;114;32;Mount Squighorn;x
465;0;117;160;Black Crag;x
466;42;120;33;Azgul Kadrin;x
467;84;123;161;Azril-Ungol;x
468;126;126;34;Karak Azgal;x
469;168;129;162;Kazad Migdal;x
470;0;132;35;Karak Azul;x
471;42;135;163;Cripple Peak;x
472;84;138;36;Desolation;x
473;126;141;164;Fire Mountain;x
474;168;144;37;Adad-Nirari;x
475;0;147;165;Abraq;x
476;42;150;38;Zanen Ruvalk;x
477;84;153;166;Baartak;x
478;126;156;39;Zharr-Naggrund;x
479;168;159;167;Unzkadrin;x
480;0;162;40;Skreefel;x
481;42;165;168;Gash Kadrak;x
482;84;168;41;Gazan-Garaz;x
483;126;171;169;Ghal;x
484;168;174;42;Gorlgal;x
485;0;177;170;Azgram;x
486;42;180;43;Mizpazan;x
487;84;183;171;Ossarl;x
488;126;186;44;Sklepgor;x
489;168;189;172;Olnzar;x
490;0;192;45;Igragor;x
491;42;195;173;Zagros;x
492;84;198;46;Behiston Wastes;x
493;126;201;174;Barak Zharr;x
494;168;204;47;The Sentinels;x
495;0;207;175;Crookback Mountain;x
496;42;210;48;Morzarn;x
497;84;0;176;Mount Grey Hag;x
498;126;3;49;Pazuzu;x
499;168;6;177;Morogoth;x
500;0;9;50;Sabarta;x
501;42;12;178;Tanahk;x
502;84;15;51;Tharumagi;x
503;126;18;179;Eana;x
504;168;21;52;Vorag;x
505;0;24;180;Teresca;x
506;42;27;53;Sotomarca;x
507;84;30;181;Cabrera;x
508;126;33;54;Sobremarca;x
509;168;36;182;Mendoza;x
510;0;39;55;Alabreda;x
511;42;42;183;Castillar;x
512;84;45;56;Murilla;x
513;126;48;184;Cadenas;x
514;168;51;57;Barataria;x
515;0;54;185;Barboza;x
516;42;57;58;Calis;x
517;84;60;186;Alquezaro;x
518;126;63;59;Bajamar;x
519;168;66;187;Cantabro;x
520;0;69;60;Bilbali;x
521;42;72;188;Varda;x
522;84;75;61;Viacruz;x
523;126;78;189;Sodana;x
524;168;81;62;Nunia;x
525;0;84;190;Baraiz;x
526;126;21;144;Zamalanca;x
527;84;90;191;Azuara;x
528;126;93;64;San Luis;x
529;168;96;192;Trastamara;x
530;0;99;65;Edeta;x
531;42;102;193;Arroca;x
532;84;105;66;Cefira;x
533;126;108;194;Diamenterra;x
534;168;111;67;Aguilar;x
535;0;114;195;Olissipo;x
536;42;117;68;Verin;x
537;84;120;196;Portague;x
538;126;123;69;Jaraiz;x
539;168;126;197;Valdana;x
540;0;129;70;Sandoval;x
541;42;132;198;Miramar;x
542;84;135;71;Finterra;x
543;126;138;199;San Pedro;x
544;168;141;72;Belmoz;x
545;0;144;200;Alboran;x
546;42;147;73;Toletti;x
547;84;150;201;Ubrique;x
548;126;153;74;Urdango;x
549;168;156;202;Torrosa;x
550;0;159;75;Tobiedo;x
551;42;162;203;Malmeria;x
552;84;165;76;Molina;x
553;126;168;204;Magritta;x
554;168;171;77;Garnata;x
555;0;174;205;Javea;x
556;42;177;78;Villana;x
557;84;180;206;Almagora;x
558;126;183;79;Cordobra;x
559;168;186;207;Fierra;x
560;0;189;80;Osborna;x
561;42;192;208;Montacute;x
562;84;195;81;Solsona;x
563;126;198;209;Ebria;x
564;168;201;82;Siernas;x
565;0;204;210;Reas;x
566;42;207;83;Los Merinos;x
567;84;210;211;Montenas;x
568;126;0;84;Pajena;x
569;168;3;212;Las Navas;x
570;0;6;85;Cervantes;x
571;42;9;213;Durango;x
572;84;12;86;Zaraguz;x
573;126;15;214;Gualcazar;x
574;168;18;87;Tobaro;x
575;0;21;215;Liburni;x
576;42;24;88;Illiria;x
577;84;27;216;Delamata;x
578;126;30;89;Aquilas;x
579;168;33;217;Isole Sirene;x
580;0;36;90;Scordisci;x
581;42;39;218;Autaria;x
582;84;42;91;Udolpho;x
583;126;45;219;Ravola;x
584;168;48;92;Miragliano;x
585;0;51;220;Ebino;x
586;42;54;93;Toscania;x
587;84;57;221;Lambruso;x
588;126;60;94;Campogrotta;x
589;168;63;222;Vladeza;x
590;0;66;95;Andone;x
591;42;69;223;Trantio;x
592;84;72;96;Urbimo;x
593;126;75;224;Cenona;x
594;168;78;97;Sadrono;x
595;0;81;225;Trantine Hills;x
596;42;84;98;Catrazza;x
597;84;87;226;Varieno;x
598;126;90;99;Malavigna;x
599;168;93;227;Pavona;x
600;0;96;0;Remas;x
601;42;99;128;Stiani;x
602;84;102;1;Astiano;x
603;126;105;129;Rifraffa;x
604;168;108;2;Olesi;x
605;0;111;130;Spaarta;x
606;42;114;3;Spomanti;x
607;84;117;131;Scozzese;x
608;126;120;4;Lorenzo;x
609;168;123;132;Verezzo;x
610;0;126;5;Portomaggiore;x
611;42;129;133;Raverno;x
612;84;132;6;Volanda;x
613;126;135;134;Cittafinistre;x
614;168;138;7;Luccini;x
615;0;141;135;Pelua;x
616;42;144;8;Spurio;x
617;84;147;136;Organza;x
618;126;150;9;Mintopua;x
619;168;153;137;Aldente;x
620;0;156;10;Capelli;x
621;42;159;138;Sussurrio Wood;x
622;84;162;11;Laserno;x
623;126;165;139;Pavezzano;x
624;168;168;12;Tepanlo;x
625;0;171;140;Luparno;x
626;42;174;13;Sartosa;x
627;84;177;141;Pelremo;x
628;126;180;14;Caprio;x
629;168;183;142;Vercuso;x
630;0;186;15;Kazad Frukund;x
631;42;189;143;Grung Mizpel;x
632;84;192;16;Karak Kaferkammaz;x
633;126;195;144;Karak Ekzfilaz;x
634;168;198;17;Grung Ikree;x
635;0;201;145;Karak Grom;x
636;42;204;18;Karak Sedazund;x
637;84;207;146;Khazid Wyrwarn;x
638;126;210;19;Domatburg;x
639;168;0;147;Zvorak;x
640;0;3;20;Khadiz Urbaz;x
641;42;6;148;Skiros;x
642;84;9;21;Platae;x
643;126;12;149;Pugno;x
644;168;15;22;Khazid Algskarag;x
645;0;18;150;Copper Mountain;x
646;42;21;23;Kazad Elgazund;x
647;84;24;151;Grung Agrilebaz;x
648;126;27;24;Grung Ardzufak;x
649;168;30;152;Khazid Grimaz;x
650;0;33;25;Karak Norn;x
651;42;36;153;Karak Ziflin;x
652;84;39;26;Karak Grentaz;x
653;126;42;154;Horn Hold;x
654;168;45;27;Karak Gantuk;x
655;0;48;155;Monte Castello;x
656;42;51;28;Argalis;x
657;84;54;156;Myrmidens;x
658;126;57;29;Pilos;x
659;168;60;157;Vardanos;x
660;0;63;30;Atreus;x
661;42;66;158;Kasos;x
662;84;69;31;Pelpeonna;x
663;126;72;159;Thessos;x
664;168;75;32;Achaes;x
665;0;78;160;Arnalos;x
666;42;81;33;Alynd;x
667;84;84;161;Heldegrad;x
668;126;87;34;Mortensholm;x
669;168;90;162;Cabanal;x
670;0;93;35;Mognia;x
671;42;96;163;Hinrikness;x
672;84;99;36;Vinsbrugge;x
673;126;102;164;Inkodevna;x
674;168;105;37;Albusdorf;x
675;0;108;165;Vidovdan;x
676;42;111;38;Brasov;x
677;84;114;166;Quaterain;x
678;126;117;39;Matorca;x
679;168;120;167;Spinda;x
680;0;123;40;Moslac;x
681;42;126;168;Somjek;x
682;84;129;41;Mornell;x
683;126;132;169;Galiti;x
684;168;135;42;Dhouda;x
685;0;138;170;Masserschloss;x
686;42;141;43;Barak Varr;x
687;84;144;171;Styratia;x
688;126;147;44;Munzig;x
689;168;150;172;Sturgun;x
690;0;153;45;Akendorf;x
691;42;156;173;Kalk;x
692;84;159;46;Deiter;x
693;126;162;174;Mirke;x
694;168;165;47;Malko;x
695;0;168;175;Geistenmund;x
696;42;171;48;Bythan;x
697;84;174;176;Tanais;x
698;126;177;49;Zenres;x
699;168;180;177;Fatandira;x
700;0;183;50;Aldium;x
701;42;186;178;Lament;x
702;84;189;51;Brovska;x
703;126;192;179;Levrellian;x
704;168;195;52;Varenka;x
705;0;198;180;Turov;x
706;42;201;53;Gulthac;x
707;84;204;181;Haflok;x
708;126;207;54;Clazo;x
709;168;210;182;Knidus;x
710;0;0;55;Blutgar;x
711;42;3;183;Karsack;x
712;84;6;56;Iron Rock;x
713;126;9;184;Matul Remrit;x
714;168;12;57;Cimmeria;x
715;0;15;185;Sakaryia;x
716;42;18;58;Mushki;x
717;84;21;186;Paragorn;x
718;126;24;59;Odris;x
719;168;27;187;Crios;x
720;0;30;60;Nonucci Island;x
721;42;33;188;Raven Barrow;x
722;84;36;61;Mentreda;x
723;126;39;189;Khypris;x
724;168;42;62;Sapphiro;x
725;0;45;190;Ilios;x
726;42;48;63;Langkt-Girt;x
727;84;51;191;Langkhaz;x
728;126;54;64;Karak Nazril;x
729;168;57;192;Karak Yarazril;x
730;0;60;65;Varaz Barak;x
731;42;63;193;Zank Barak;x
732;84;66;66;Gelt;x
733;126;69;194;Khazid Ruvalkbar;x
734;168;72;67;Kazad Dron;x
735;0;75;195;Luwaia;x
736;42;78;68;Adryn;x
737;84;81;196;Delium;x
738;126;84;69;Anaxia;x
739;168;87;197;Afayan;x
740;0;90;70;Koganusan;x
741;42;93;198;Kreutzhofen;x
742;84;96;71;Kybel;x
743;126;99;199;Karamandere;x
744;168;102;72;Panion;x
745;0;105;200;Ahhiya;x
746;42;108;73;Bayat;x
747;84;111;201;Porsuk;x
748;126;114;74;Serkeskal;x
749;168;117;202;Kaskia;x
750;0;120;75;Arz;x
751;42;123;203;Udibgovos;x
752;84;126;76;Eubus;x
753;126;129;204;Zuwadison;x
754;168;132;77;Mykal;x
755;0;135;205;Komar;x
756;42;138;78;Boetus;x
757;84;141;206;Nezull;x
758;126;144;79;Burushur;x
759;168;147;207;Zitharis;x
760;0;150;80;Rhothira;x
761;42;153;208;Ekrund;x
762;84;156;81;Mount Bloodhorn;x
763;126;159;209;Hettasha;x
764;168;162;82;Karzis;x
765;0;165;210;Nerik;x
766;42;168;83;Palak;x
767;84;171;211;Kadesh;x
768;126;174;84;Adygea;x
769;168;177;212;Hattria;x
770;0;180;85;Mourkain;x
771;42;183;213;Gediz;x
772;84;186;86;Akur;x
773;126;189;214;Klatch;x
774;168;192;87;Kiziril;x
775;0;195;215;Irmak;x
776;42;198;88;Gernach;x
777;84;201;216;Khernum;x
778;126;204;89;Indirum;x
779;168;207;217;Blakmar;x
780;0;210;90;Libis;x
781;42;0;218;Misty Mountain;x
782;84;3;91;Charan;x
783;126;6;219;Qarum;x
784;168;9;92;Sedg;x
785;0;12;220;Orgar;x
786;42;15;93;Seltar;x
787;84;18;221;Arzawe;x
788;126;21;94;Red Cloud Mountain;x
789;168;24;222;Ys;x
790;0;27;95;Erguian;x
791;42;30;223;Chagrin;x
792;84;33;96;Rocheil;x
793;126;36;224;Moulinsard;x
794;168;39;97;Lyonesse;x
795;0;42;225;Caon;x
796;42;45;98;Chastillon;x
797;84;48;226;Martonnais;x
798;126;51;99;Senlou;x
799;168;54;227;L'Anguille;x
800;0;57;0;Fregunerre;x
801;42;60;128;Ganet;x
802;84;63;1;Sanz;x
803;126;66;129;Havresse;x
804;168;69;2;Rennais;x
805;0;72;130;Rouard;x
806;42;75;3;Eux;x
807;84;78;131;Dun;x
808;126;81;4;Normagne;x
809;168;84;132;Chantillon;x
810;0;87;5;Couronne;x
811;42;90;133;Tintannil;x
812;84;93;6;Thorn;x
813;126;96;134;Nesleaux;x
814;168;99;7;Langreuil;x
815;0;102;135;Artois;x
816;42;105;8;Larret;x
817;84;108;136;Uexin;x
818;126;111;9;Arden;x
819;168;114;137;Saintilles;x
820;0;117;10;Carmandois;x
821;42;120;138;Chautoise;x
822;84;123;11;Mortagne;x
823;126;126;139;Dras;x
824;168;129;12;Rachard;x
825;0;132;140;Elne;x
826;42;135;13;Mousillon;x
827;84;138;141;Frondee;x
828;126;141;14;Yremois;x
829;168;144;142;Guerac;x
830;0;147;15;Beaussons;x
831;42;150;143;Triers;x
832;84;153;16;Gracay;x
833;126;156;144;Gisoreux;x
834;168;159;17;Tremonge;x
835;0;162;145;Reves;x
836;42;165;18;Feuilly;x
837;84;168;146;Bordeleaux;x
838;126;171;19;Cabernet;x
839;168;174;147;Laors;x
840;0;177;20;Yquem;x
841;42;180;148;Soudarre;x
842;84;183;21;Beaujolais;x
843;126;186;149;Toussaint;x
844;168;189;22;Bastonne;x
845;0;192;150;Foucault;x
846;42;195;23;Gastix;x
847;84;198;151;Chalons;x
848;0;3;225;Gamay;x
849;126;201;24;Galisson;x
850;168;96;42;Lorsace;x
851;84;9;226;Tura;x
852;85;84;11;Beaix;x
853;127;87;139;Roderre;x
854;169;90;12;Drachenberg;x
855;126;135;84;Montfort;x
856;168;138;212;Vignoble;x
857;0;141;85;Elbiq;x
858;42;144;213;Anjarlac;x
859;84;147;86;Rennaille;x
860;126;150;214;Epee;x
861;168;153;87;Aquitaine;x
862;0;156;215;Angour;x
863;42;159;88;Lusidreux;x
864;84;162;216;Querigord;x
865;126;165;89;Brionne;x
866;168;168;217;Gransette;x
867;0;171;90;Muret;x
868;42;174;218;Enjolras;x
869;84;177;91;Gironde;x
870;126;180;219;Armanie;x
871;168;183;92;Cuileux;x
872;0;186;220;Pompadour;x
873;42;189;93;Chinon;x
874;84;192;221;Treims;x
875;126;195;94;Blarry;x
876;168;198;222;Bourgou;x
877;0;201;95;Giennois;x
878;42;204;223;La Mancon;x
879;84;207;96;Orlerre;x
880;126;210;224;Meaux;x
881;168;0;97;Roucerre;x
882;168;123;82;Langry;x
883;126;120;209;Perrache;x
884;126;3;154;Quenelles;x
885;84;117;81;Helmgart;x
886;168;15;227;Parravon;x
887;1;18;0;Beaumont;x
888;43;21;128;Fume;x
889;85;24;1;Grey Lady Pass;x
890;127;27;129;Karak Azgaraz;x
891;169;30;2;Brabillon;x
892;1;33;130;Servillon;x
893;43;36;3;Aix;x
894;43;96;13;Carcassonne;x
895;127;42;4;Brussergue;x
896;169;45;132;Embrun;x
897;1;48;5;Forac;x
898;43;51;133;Sammergall;x
899;1;93;140;Marguilles;x
900;127;57;134;Charboneau;x
901;169;60;7;Naverre;x
902;1;63;135;Foivaux;x
903;43;66;8;Morency;x
904;85;69;136;Tasselonne;x
905;127;72;9;Paillole;x
906;169;75;137;Blood Keep;x
907;1;78;10;Upper Vale of Florida;x
908;84;132;211;Lower Vale of Florida;x
909;0;126;210;Saar;x
910;42;129;83;Gruyon;x
911;0;207;25;Dornhan;x
912;84;10;26;Valoigne;x
913;126;48;134;Gap of Bergbres;x
914;84;145;161;Gisoreux Gap;x
915;85;39;131;Loren Pass;x
916;126;105;99;Califerne;x
917;42;199;78;L'ile Tranquille;x
918;127;144;184;Caprezi;x
919;169;147;57;Santa Clair;x
920;1;150;185;Isla Vega;x
921;43;153;58;Montanoza;x
922;85;156;186;Isla Colina;x
923;127;159;59;Isla Corazon;x
924;169;162;187;Isla d'Azure;x
925;127;30;99;Fays;x
926;85;174;26;Umbresco;x
927;2;36;0;Nucca;x
928;44;39;128;Helgala;x
929;127;0;94;Hundsheimerwald;x
930;128;45;129;Zherden;x
931;170;48;2;Stimmigen;x
932;145;80;98;Kappelburg;x
933;106;58;146;Auld Ryding;x
934;85;210;221;Heideck;x
935;128;60;4;Eilhart;x
936;170;63;132;Vlakland;x
937;1;6;95;Noordmuur;x
938;44;69;133;Garamont;x
939;86;72;6;Sangasse;x
940;128;75;134;Outremer;x
941;170;78;7;Voronino;x
942;2;81;135;Zvyagino;x
943;2;84;50;Yarak;x
944;44;87;178;Dzugd;x
945;86;90;51;Sakhur;x
946;128;93;179;Alashah;x
947;170;96;52;Arguun;x
948;2;99;180;Zavkhan;x
949;44;102;53;Malchin;x
950;86;105;181;Mokhsogollokh;x
951;128;108;54;Turukhan;x
952;170;111;182;Jomal;x
953;2;114;55;Dvinar;x
954;44;117;183;Kushtan;x
955;86;120;56;Pontecorvo;x
956;128;123;184;Baildughan;x
957;73;200;118;Jaegerwald;x
958;159;68;94;Ertburg;x
959;145;52;78;Gruenwald;x
960;70;149;252;Tar;x
961;228;164;170;Ighrem;x
962;140;64;182;Aquilaria;x
963;91;112;255;Zammour;x
964;121;55;197;Abu Hamed;x
965;30;115;152;Zuwarah;x
966;24;170;197;Obalhan;x
967;155;88;64;Markala;x
968;39;203;131;Amhabal;x
969;0;112;203;Kaladar;x
970;103;188;52;Talatine;x
971;149;61;128;Qura;x
972;173;219;134;Damakana;x
973;121;161;158;Kobama;x
974;15;94;70;Shemmark;x
975;36;194;124;Tamaka;x
976;67;103;9;Bouloukou;x
977;94;209;219;Tilmirat;x
978;39;21;30;Tlanqua;x
979;61;128;143;Gwingui;x
980;58;44;149;Kafia;x
981;124;185;100;Mataq;x
982;149;49;131;Shayba;x
983;106;197;88;Aruk;x
984;82;100;97;Tamara;x
985;106;222;85;Khaba;x
986;169;195;157;Ras Karim;x
987;86;42;1;Kous;x
988;169;33;227;Gardha;x
989;43;24;98;El-Fasan;x
990;85;27;226;Nabat;x
991;1;9;210;Alkaro;x
992;43;12;83;Agade;x
993;85;15;211;Tripolana;x
994;127;18;84;Nawal;x
995;169;21;212;Zaghon;x
996;1;24;85;Duq;x
997;43;27;213;Tarasselmen;x
998;85;30;86;Tarq al-Masr;x
999;127;33;214;Burnush;x
1000;169;36;87;Lyiar;x
1001;1;39;215;Brasna;x
1002;1;111;35;Tamadjert;x
1003;43;114;163;Marib;x
1004;85;117;36;Surah;x
1005;127;120;164;Akka;x
1006;169;123;37;Baskra;x
1007;1;126;165;Haifra;x
1008;43;129;38;Jebel Ezna;x
1009;85;132;166;Djebellna;x
1010;169;66;92;Naqab;x
1011;1;69;220;Mombawsa;x
1012;43;72;93;Rafhiya;x
1013;85;75;221;Tubah;x
1014;127;78;94;Asif;x
1015;169;81;222;Al-Birkah;x
1016;1;84;95;Qunfuda;x
1017;43;87;223;Suqutra;x
1018;85;90;96;Sudrat;x
1019;127;93;224;El-Kalabad;x
1020;169;96;97;Oldrag;x
1021;1;99;225;Fyrus;x
1022;43;102;98;Dseria;x
1023;85;105;226;El Mansurah;x
1024;127;108;99;Hadjout;x
1025;169;111;227;Al-Qehm;x
1026;1;114;0;Sud;x
1027;43;117;128;Ghafsa;x
1028;85;120;1;Songhai;x
1029;127;123;129;Debeqra;x
1030;169;126;2;Petrum;x
1031;1;129;130;Lugash;x
1032;43;132;3;Al-Anaim;x
1033;85;135;131;Zoan;x
1034;127;138;4;Nejaz;x
1035;169;141;132;Kufra;x
1036;1;144;5;Copher;x
1037;43;147;133;Martek;x
1038;85;150;6;Al-Haikk;x
1039;127;153;134;Argigil;x
1040;169;156;7;Kamt;x
1041;1;159;135;Teshert;x
1042;85;72;156;Tirzor;x
1043;127;75;29;Chayuek;x
1044;127;168;9;Symarra;x
1045;169;171;137;Samur;x
1046;1;174;10;Tambukta;x
1047;43;177;138;Firafez;x
1048;85;180;11;Bel-Aliad;x
1049;127;183;139;Melrihir;x
1050;169;186;12;Ubadir;x
1051;1;189;140;Maharek;x
1052;43;192;13;Istrabul;x
1053;85;195;141;Lashiek;x
1054;43;60;78;Skikada;x
1055;169;201;142;Al-Suri;x
1056;1;204;15;Jaluk;x
1057;43;207;143;Khariq;x
1058;85;210;16;Mezdah;x
1059;127;0;144;Moahin;x
1060;169;3;17;Kwitanga;x
1061;1;6;145;Olohrad;x
1062;43;9;18;Hasayh;x
1063;85;12;146;Musah;x
1064;1;156;65;Ziranka;x
1065;43;159;193;Orea;x
1066;85;162;66;Syratous;x
1067;127;165;194;Zeno;x
1068;169;168;67;Skarud;x
1069;1;171;195;Abiria;x
1070;43;174;68;Tiliqua;x
1071;85;177;196;Karthur;x
1072;127;180;69;Mazur;x
1073;169;183;197;Saphai;x
1074;127;150;64;Calxi;x
1075;169;153;192;Mabuya;x
1076;43;33;38;Eragol Bardum;x
1077;85;36;166;Chade;x
1078;127;39;39;Soddus;x
1079;169;42;167;Karak-a-Dumril;x
1080;1;45;40;Uzzintir;x
1081;43;48;168;Ungor-Bar-Indur;x
1082;85;51;41;Undrivar-Bar;x
1083;127;54;169;Khazalid Dorn;x
1084;169;57;42;Landrin-a-Klan;x
1085;1;60;170;Karak Razala;x
1086;43;63;43;Korgrim;x
1087;85;66;171;Kladdin;x
1088;127;69;44;Mindas Ungor;x
1089;169;72;172;Zhufstrom;x
1090;1;75;45;Ingikvar;x
1091;43;78;173;Jorzium;x
1092;85;81;46;Karak Kadal;x
1093;127;84;174;Kadar Khazalid;x
1094;169;87;47;Karag Krom;x
1095;1;90;175;Ungik;x
1096;43;93;48;Balog Ungor;x
1097;85;96;176;Barogrik;x
1098;127;99;49;Karag Homrar;x
1099;169;102;177;Brondik;x
1100;1;105;50;Kurgaz Grungon;x
1101;43;108;178;Khadiz Dorn;x
1102;85;111;51;Kazad Belegar;x
1103;127;114;179;Grung Dwor;x
1104;169;117;52;Grongol Norn;x
1105;1;120;180;Karak Dum;x
1106;43;123;53;Skraklaz Ungor;x
1107;85;126;181;Kolaz Ungor;x
1108;127;129;54;Karag Dar;x
1109;169;132;182;Khazid Nekewukaz;x
1110;1;135;55;Stromez Zorn;x
1111;43;138;183;Karag Grim;x
1112;85;141;56;Urdivan;x
1113;127;15;19;Ahtaf;x
1114;169;18;147;Shurak;x
1115;1;21;20;Luxor;x
1116;43;24;148;Quatar;x
1117;85;27;21;Bhagar;x
1118;127;30;149;Numas;x
1119;169;33;22;Arkhan;x
1120;1;36;150;Firez;x
1121;43;39;23;Khemri;x
1122;85;42;151;Rasetra;x
1123;127;45;24;Mahrak;x
1124;169;48;152;Snefru;x
1125;1;51;25;Crophi;x
1126;43;54;153;Lybaras;x
1127;85;57;26;Lahmia;x
1128;127;60;154;Beremas;x
1129;169;63;27;Ity-Tawy;x
1130;1;66;155;Mophi;x
1131;43;69;28;Kharpentharia;x
1132;43;162;8;Ka-Sabar;x
1133;85;165;136;Ashur;x
1134;169;78;157;Admuat;x
1135;1;81;30;Peret;x
1136;43;84;158;Akhet;x
1137;85;87;31;Shomu;x
1138;127;90;159;Enavot;x
1139;169;93;32;Pashon;x
1140;1;96;160;Waast;x
1141;43;99;33;Kahsh;x
1142;85;102;161;Ahbou;x
1143;127;105;34;Utep;x
1144;169;108;162;Nout;x
1145;43;42;88;Siabel;x
1146;85;45;216;Arbsu;x
1147;127;48;89;Hathra;x
1148;169;51;217;Haraw;x
1149;1;54;90;Saqqir;x
1150;43;57;218;Oxos;x
1151;85;60;91;Mendes;x
1152;127;63;219;Sarap;x
1153;127;135;39;Mundus;x
1154;169;138;167;Opone;x
1155;1;141;40;Pano;x
1156;127;198;14;Zandri;x
1157;85;63;206;Erid;x
1158;127;66;79;Daxa;x
1159;169;69;207;Fezzir;x
1160;1;72;80;Medajy;x
1161;43;75;208;Nuqus;x
1162;85;78;81;Kakarat;x
1163;127;81;209;Athar;x
1164;169;84;82;Sarru;x
1165;1;87;210;Aram;x
1166;43;90;83;Nejte;x
1167;85;93;211;Viksjoergsberg;x
1168;127;96;84;Bjarkavig;x
1169;169;99;212;Bragnir;x
1170;1;102;85;Varaland;x
1171;43;105;213;Zandt;x
1172;85;108;86;Hyttafjord;x
1173;127;111;214;Skorlm;x
1174;169;114;87;Krakav;x
1175;1;117;215;Halkild;x
1176;43;120;88;Dira;x
1177;85;123;216;Askola;x
1178;127;126;89;Suyab;x
1179;169;129;217;Balasaqun;x
1180;1;132;90;Kharakit;x
1181;43;135;218;Pishpek;x
1182;85;138;91;Frunz;x
1183;127;141;219;Oluod;x
1184;169;144;92;Norisk;x
1185;1;147;220;Khakatass;x
1186;43;150;93;Yarsk;x
1187;85;153;221;Angara;x
1188;127;156;94;Nuur;x
1189;169;159;222;Tuva;x
1190;1;162;95;Abak;x
1191;43;165;223;Suleng;x
1192;85;168;96;Tatarum;x
1193;127;171;224;Barabas;x
1194;169;174;97;Sybyr;x
1195;1;177;225;Saget;x
1196;43;180;98;Carsuri;x
1197;85;183;226;Miluks;x
1198;127;186;99;Komri;x
1199;169;189;227;Ildelver;x
1200;1;192;0;Kuldevind Islands;x
1201;43;195;128;Uvs;x
1202;85;198;1;Tarim;x
1203;127;201;129;Khovd;x
1204;169;204;2;Baatar;x
1205;1;207;130;Yucho;x
1206;43;210;3;Uromqi;x
1207;85;0;131;Khotaan;x
1208;127;3;4;Ket;x
1209;169;6;132;Bagstay;x
1210;1;9;5;Nivk;x
1211;43;12;133;Tiel;x
1212;85;15;6;Nerchin;x
1213;127;18;134;Bortaala;x
1214;169;21;7;Aral;x
1215;1;24;135;Yupyk;x
1216;43;27;8;Torpan;x
1217;85;30;136;Zanur;x
1218;127;33;9;Karmay;x
1219;169;36;137;Miryr;x
1220;1;39;10;Sakar;x
1221;43;42;138;Khamchata;x
1222;85;45;11;Chamsyts;x
1223;127;48;139;Mesch;x
1224;169;51;12;Mador;x
1225;1;54;140;Votioi;x
1226;43;57;13;Anaol;x
1227;85;60;141;Ninyt;x
1228;127;63;14;Eiigin;x
1229;169;66;142;Magad;x
1230;1;69;15;Kamas;x
1231;43;72;143;Kolim;x
1232;85;75;16;Issikul;x
1233;127;78;144;Krygz;x
1234;169;81;17;Yurgh;x
1235;1;84;145;Ents;x
1236;43;87;18;Olkoron;x
1237;85;90;146;Yakhdoi;x
1238;127;93;19;Bakal;x
1239;169;96;147;Kurshun;x
1240;1;99;20;Ganibek;x
1241;43;102;148;Ailish;x
1242;43;117;23;Zetisu;x
1243;85;120;151;Rataumyr;x
1244;127;123;24;Azkaroth;x
1245;169;126;152;Tohkar;x
1246;1;129;25;Krasnodar;x
1247;43;132;153;Kropot;x
1248;85;135;26;Zapad;x
1249;85;105;21;Ugar;x
1250;127;108;149;Hattran;x
1251;169;111;22;Baalbek;x
1252;1;114;150;Targhizizi;x
1253;127;138;154;Gorgoth;x
1254;169;141;27;Kur;x
1255;1;144;155;Murlech;x
1256;43;147;28;Anat;x
1257;85;150;156;Larza;x
1258;127;153;29;Chalde;x
1259;169;156;157;Carchemish;x
1260;1;159;30;Tibiria;x
1261;43;162;158;Anu;x
1262;85;165;31;Inanna;x
1263;127;168;159;Isin;x
1264;169;171;32;Urmia;x
1265;1;174;160;Daro;x
1266;43;177;33;Helgrind;x
1267;85;180;161;Tamarkrupa;x
1268;127;183;34;Vortrium;x
1269;169;186;162;Eidelwiss;x
1270;1;189;35;Groetchen;x
1271;43;192;163;Hinterland;x
1272;85;195;36;Daemon's Stump;x
1273;127;198;164;Black Fortress;x
1274;169;201;37;Pigbarter;x
1275;1;204;165;Char;x
1276;43;207;38;Desolace;x
1277;85;210;166;Grey Waste;x
1278;127;0;39;Skarand;x
1279;169;3;167;Inred;x
1280;1;6;40;Kurshu;x
1281;43;9;168;Ember;x
1282;85;12;41;Ashenmount;x
1283;127;15;169;Vraggar;x
1284;169;18;42;Turgran;x
1285;1;21;170;Ashrift;x
1286;43;24;43;Ekslagar;x
1287;85;27;171;Gorrik;x
1288;127;30;44;Firehorn Peak;x
1289;169;33;172;Stonehol;x
1290;1;36;45;Azgrimar;x
1291;43;39;173;Fire Stone;x
1292;85;42;46;Ruadrin;x
1293;127;45;174;Sulfuras;x
1294;169;48;47;Orgris;x
1295;1;51;175;Perik;x
1296;43;54;48;Ombra;x
1297;85;57;176;Ankarath;x
1298;127;60;49;Ghulakth;x
1299;169;63;177;Darkhold;x
1300;1;66;50;Thaurizon;x
1301;43;69;178;Mizpal Ungor;x
1302;85;72;51;Gorlabar;x
1303;127;75;179;Nath Agra;x
1304;169;78;52;Gaz Orrud;x
1305;1;81;180;Cabal;x
1306;43;84;53;Saspire;x
1307;85;87;181;Gherra;x
1308;127;90;54;Chandak;x
1309;169;93;182;Nakta;x
1310;1;96;55;Rhazgala;x
1311;43;99;183;Zinir;x
1312;85;102;56;Ilkatuktak;x
1313;127;105;184;Arum;x
1314;169;108;57;Jong-On;x
1315;1;111;185;Rodmarin;x
1316;43;114;58;Dazak;x
1317;85;117;186;Geringwald;x
1318;127;120;59;Aussenstadt;x
1319;1;99;75;Gringril;x
1320;43;102;203;Karag Ril;x
1321;85;105;76;Tromriki;x
1322;127;108;204;Ikizir;x
1323;169;111;77;Karak Palik;x
1324;1;114;205;Khazgoruz;x
1325;43;117;78;Grimaz Batol;x
1326;85;120;206;Karaz-Lumbar;x
1327;127;123;79;Kazad Kol;x
1328;169;126;207;Kazad Ghulg;x
1329;1;129;80;Kazad Klad;x
1330;43;132;208;Karak Grong;x
1331;85;135;81;Karag Garaz;x
1332;127;138;209;Khaz Bryn;x
1333;169;141;82;Lichtungsmarkt;x
1334;169;153;42;Naggarond;x
1335;1;156;170;Ulgarth;x
1336;43;159;43;Mael Kabal;x
1337;85;162;171;Tulrach;x
1338;127;165;44;Draich Arkoth;x
1339;169;168;172;Yethis;x
1340;1;171;45;Massylath;x
1341;43;174;173;Ang Torath;x
1342;85;177;46;Khorth;x
1343;127;180;174;Nagrar;x
1344;169;183;47;Tullich;x
1345;1;186;175;Drakun;x
1346;43;189;48;Loibeth;x
1347;85;192;176;Blacklight;x
1348;127;195;49;Har Vasyk;x
1349;169;198;177;Asynnar;x
1350;1;201;50;Nagh Tar;x
1351;43;204;178;Kythas;x
1352;85;207;51;Anexx;x
1353;127;210;179;Qarondi;x
1354;169;0;52;Graef Kalla;x
1355;1;3;180;Ganthar;x
1356;43;6;53;Ulhim Kar;x
1357;85;9;181;Eamis Kal;x
1358;127;12;54;Zhulthis;x
1359;169;15;182;Muthris;x
1360;1;18;55;Uruyl Vekt;x
1361;43;21;183;Tharn;x
1362;85;24;56;Kheyley;x
1363;127;27;184;Wryn;x
1364;169;30;57;Ansar Har;x
1365;1;33;185;Ang Korsyth;x
1366;43;36;58;Sunder;x
1367;85;39;186;Tarant;x
1368;127;42;59;Har Kaldra;x
1369;169;45;187;Ghrond;x
1370;1;48;60;Thaluun;x
1371;43;51;188;Daemos;x
1372;85;54;61;Marr;x
1373;127;57;189;Senthar;x
1374;169;60;62;Har Narzul;x
1375;1;63;190;Elu Anath;x
1376;43;66;63;Sinnibar;x
1377;85;69;191;Felkarn;x
1378;127;72;64;Avitak;x
1379;169;75;192;Yen Graef;x
1380;1;78;65;Zanziar;x
1381;43;81;193;Aakon;x
1382;85;84;66;Qarbathys;x
1383;127;87;194;Kauark;x
1384;169;90;67;Harath;x
1385;1;93;195;Atorak;x
1386;43;96;68;Volroth;x
1387;85;99;196;Karkan;x
1388;127;102;69;Ashrak;x
1389;169;105;197;Kaelra;x
1390;1;108;70;Lathmin;x
1391;43;111;198;Ixir;x
1392;85;114;71;Grael;x
1393;127;117;199;Har Ganeth;x
1394;169;120;72;Ichorbel;x
1395;1;123;200;Arkon;x
1396;43;126;73;Qursin;x
1397;85;129;201;Syth;x
1398;127;132;74;Merkion;x
1399;169;135;202;Termus;x
1400;1;138;75;Mystis;x
1401;43;141;203;Ashar;x
1402;85;144;76;Khoulith;x
1403;127;147;204;Horod;x
1404;169;150;77;Kar Mai;x
1405;1;153;205;Onais;x
1406;43;156;78;Shagrath;x
1407;85;159;206;Cragroth;x
1408;127;162;79;Sondal;x
1409;169;165;207;Menakon;x
1410;1;168;80;Nephren;x
1411;43;171;208;Zuangzi;x
1412;85;174;81;Ankuan;x
1413;127;177;209;Dargoth;x
1414;169;180;82;Ourabur;x
1415;1;183;210;Dhymar Arond;x
1416;43;186;83;Naugis;x
1417;85;189;211;Charos;x
1418;127;192;84;Yumarrak;x
1419;169;195;212;Kandra;x
1420;1;198;85;Hag Graef;x
1421;43;201;213;Lorn;x
1422;85;204;86;Kiriis;x
1423;127;207;214;Sozor;x
1424;169;210;87;Koir;x
1425;1;0;215;Lichbrim;x
1426;43;3;88;Aibhikh;x
1427;85;6;216;Iros;x
1428;127;9;89;Krunos;x
1429;169;12;217;Karond Kar;x
1430;1;15;90;Arieth;x
1431;43;18;218;Vekheil;x
1432;85;21;91;Saith;x
1433;127;24;219;Wyrmath;x
1434;86;174;186;Eirie;x
1435;128;177;59;Glamdrusk;x
1436;170;180;187;Umbruid;x
1437;2;183;60;Taelus;x
1438;44;186;188;Haruuth;x
1439;86;189;61;Lethys;x
1440;128;192;189;Typhor;x
1441;170;195;62;Afaduum;x
1442;2;198;190;Erux;x
1443;44;201;63;Kyssos;x
1444;86;204;191;Vaul Khar;x
1445;128;207;64;Hotek Karond;x
1446;170;210;192;Clar Karond;x
1447;2;0;65;Xerond;x
1448;44;3;193;Eldar;x
1449;86;6;66;Skylla;x
1450;128;9;194;Gloamwoud;x
1451;170;12;67;Hyparis;x
1452;2;15;195;Sylus Mar;x
1453;44;18;68;Carne;x
1454;86;21;196;Lechi;x
1455;128;24;69;Eamak;x
1456;170;27;197;Calamis;x
1457;2;30;70;Charix;x
1458;44;33;198;Arnheim;x
1459;86;36;71;Ascelon;x
1460;128;39;199;Noveum;x
1461;170;42;72;Cerriden;x
1462;2;45;200;Hag Hall;x
1463;44;48;73;Bleak Hold;x
1464;86;51;201;Clarak;x
1465;128;54;74;Pyris;x
1466;170;57;202;Coetia;x
1467;2;60;75;Uyadar;x
1468;44;63;203;Edhir;x
1469;86;66;76;Storag Kor;x
1470;128;69;204;Temparis;x
1471;170;72;77;Corvum;x
1472;2;75;205;Ruac Vale;x
1473;44;78;78;Amassus;x
1474;86;81;206;Maelorn Wood;x
1475;128;84;79;Karyss;x
1476;170;87;207;Moon Shard;x
1477;2;90;80;Drackla;x
1478;44;93;208;Shroktak;x
1479;86;96;81;Hilsk;x
1480;128;99;209;Quintex;x
1481;170;102;82;Charnum;x
1482;43;72;198;Wyvern Strand;x
1483;85;75;71;Alcumtar;x
1484;1;30;165;Rothkar;x
1485;127;78;199;Blakaol;x
1486;169;81;72;Khymerica;x
1487;27;102;219;Vindicus;x
1488;101;93;90;Zardok;x
1489;194;128;155;Karak Hafak;x
1490;222;112;100;Khazid Svarkungor;x
1491;143;182;225;Khazid Aldum;x
1492;127;27;79;Lothern;x
1493;127;66;184;Angerrial;x
1494;169;69;57;Arhelmaia;x
1495;85;63;56;Asaria;x
1496;1;72;185;Everwatch;x
1497;169;30;207;Ceyinath;x
1498;127;57;84;Lilithorn;x
1499;127;81;59;Sar-Saroth;x
1500;169;84;187;Arique;x
1501;85;78;186;Glittering Tower;x
1502;43;75;58;Tor Morthallion;x
1503;127;42;209;Athel Giroh;x
1504;43;51;83;Cold Drake Isles;x
1505;85;39;81;Shimmersward;x
1506;1;48;210;Aldine;x
1507;43;36;208;Lysean;x
1508;1;33;80;Shimmersung;x
1509;127;39;144;Gaen Vale;x
1510;43;63;148;Elaranna;x
1511;169;72;22;Anulli Rise;x
1512;85;66;21;Athel Khyrkan;x
1513;127;99;154;Dragon Gate;x
1514;85;51;146;Eversprings;x
1515;43;48;18;Gaen Mere;x
1516;1;45;145;Jade Strand;x
1517;1;60;20;Melethorn;x
1518;1;90;25;Everale;x
1519;127;54;19;Evershale;x
1520;85;96;26;Mirror Wood;x
1521;169;57;147;Moonspire;x
1522;127;69;149;Silverglen;x
1523;127;177;4;Starbrook;x
1524;127;84;24;Tor Saroir;x
1525;169;87;152;Tor Colithis;x
1526;43;93;153;Phoenix Gate;x
1527;1;78;215;Summersong;x
1528;43;81;88;Cairnesse;x
1529;85;84;216;Arcspan;x
1530;169;75;87;Rommena;x
1531;85;54;211;Cey Caladai;x
1532;127;72;214;Ambarloce;x
1533;85;69;86;Cynath;x
1534;169;60;212;Tor Adaioth;x
1535;169;45;82;Caledor's Repose;x
1536;43;66;213;Meralori;x
1537;1;63;85;Vaul's Anvil;x
1538;169;117;157;Tor Achare;x
1539;127;129;159;Asarbel;x
1540;85;111;156;Elyran;x
1541;1;105;155;Illboughs;x
1542;169;102;27;Tor Gard;x
1543;127;114;29;Amaranth;x
1544;43;123;158;Ar Ninglor;x
1545;85;126;31;Tor Miraq;x
1546;43;108;28;Venekh;x
1547;169;132;32;Tor Dynal;x
1548;1;150;35;Olrosse;x
1549;85;141;161;Tor Koruali;x
1550;43;153;163;Whitereach;x
1551;169;147;162;Laurefalas;x
1552;1;135;160;Elisia;x
1553;43;141;98;Tor Elyr;x
1554;85;129;96;Calemdan;x
1555;127;132;224;Tiriad Celea;x
1556;169;150;227;Whitefire Tor;x
1557;169;120;222;Aeirs;x
1558;1;123;95;Wildmark;x
1559;1;138;225;Eagle Gate;x
1560;169;165;2;Griffon Gate;x
1561;43;126;223;Berhessa;x
1562;85;144;226;Korhandir;x
1563;127;147;99;Narialle;x
1564;1;168;130;Reaverspring;x
1565;43;171;3;Ar Maledor;x
1566;85;174;131;Elthrai;x
1567;43;156;128;Mirdain;x
1568;1;0;10;Unicorn Gate;x
1569;85;204;136;Anlec;x
1570;127;9;139;Mirelen;x
1571;43;3;138;Mournwood;x
1572;85;6;11;Rock of Galerian;x
1573;1;198;135;Tor Dranil;x
1574;1;15;140;Calumel;x
1575;43;33;143;Eranneth;x
1576;1;30;15;Narthain;x
1577;127;207;9;Arir Tonraeir;x
1578;169;210;137;Ar Sarui;x
1579;43;201;8;Shadowhalls;x
1580;169;195;7;Thalmor;x
1581;43;186;133;Ar Londe;x
1582;85;189;6;Athel Alar;x
1583;169;180;132;Graes Vale;x
1584;127;192;134;Salvation Isles;x
1585;169;12;12;Nostrum;x
1586;43;18;13;Ais;x
1587;127;24;14;Athel Thardth;x
1588;85;21;141;Northwatch Isles;x
1589;127;36;179;Hoeth;x
1590;43;45;53;Cain Avon;x
1591;85;33;51;Lasgalen;x
1592;1;57;55;Alemme;x
1593;1;42;180;Elistor;x
1594;127;51;54;Tor Tiaonna;x
1595;85;48;181;Whitemoon;x
1596;1;27;50;Tor Finu;x
1597;85;18;176;Finuval;x
1598;43;15;48;Qualmelenya;x
1599;127;21;49;Vilu;x
1600;127;117;94;Tor Anroc;x
1601;1;108;220;Lotelaith;x
1602;85;114;221;Night Wood;x
1603;43;96;218;Tor Sethai;x
1604;169;105;92;Avethir;x
1605;127;87;89;Ar Caladrath;x
1606;169;90;217;Athel Ceyloir;x
1607;85;99;91;Athel Urwalunce;x
1608;43;198;43;Tor Yvraine;x
1609;85;186;41;Ar Yvraine;x
1610;169;192;42;Norkath;x
1611;85;171;166;Cauticay;x
1612;127;174;39;Isle of Avellion;x
1613;43;168;38;Sardenath;x
1614;169;9;47;Tralinia;x
1615;1;12;175;Athel Tathren;x
1616;85;3;46;Taltaras;x
1617;1;120;30;Tor Andar;x
1618;127;159;164;Arkhamourath;x
1619;1;165;165;Elendro Mere;x
1620;85;156;36;Rokhame;x
1621;169;162;37;Tor Urithair;x
1622;127;189;169;Elessaeli;x
1623;169;177;167;Cairn Thel;x
1624;43;183;168;Yrauva;x
1625;169;207;172;Tor Tamarha;x
1626;85;201;171;Athel Tamarha;x
1627;43;0;173;Skyhaven;x
1628;1;210;45;Tor Meliane;x
1629;127;204;44;Untha Annulii;x
1630;182;106;173;Ambaz;x
1631;67;167;191;Tambora;x
1632;27;85;118;Schreckenhof;x
1633;97;100;112;Vollerstein;x
1634;21;188;237;Nochlicuil;x
1635;112;52;64;Matlal;x
1636;106;70;255;Kamaq;x
1637;191;52;109;Aquas;x
1638;0;67;146;Yaxchil;x
1639;94;164;109;Yucoto;x
1640;52;115;237;Mecoy;x
1641;97;82;170;Subatuun;x
1642;161;170;203;Oyxl;x
1643;191;120;58;Tzulaqua;x
1644;149;30;85;Anaxoatl;x
1645;55;140;167;Xilonen;x
1646;158;206;167;Chupayotl;x
1647;49;79;115;Pilca;x
1648;143;200;158;Kalon;x
1649;173;209;100;Leba;x
1650;49;121;158;Nekharam;x
1651;203;182;115;Avaki;x
1652;52;49;164;Besir;x
1653;15;152;228;Karna;x
1654;1;87;60;Terkmet;x
1655;43;90;188;Leen;x
1656;85;93;61;Celephai;x
1657;127;96;189;Oriaba;x
1658;169;99;62;Nauk;x
1659;1;102;190;Axabaxx;x
1660;43;105;63;Obo;x
1661;85;108;191;Tulpan;x
1662;127;111;64;Sarya;x
1663;169;114;192;Dorno;x
1664;1;117;65;Bashikir;x
1665;43;120;193;Ngama;x
1666;85;123;66;Tasanda;x
1667;127;126;194;Haizhen;x
1668;169;129;67;Andaka;x
1669;1;132;195;Shouxo;x
1670;43;135;68;Tuulud;x
1671;85;138;196;Nai Khi;x
1672;127;141;69;Taiko;x
1673;169;144;197;Kori;x
1674;1;147;70;One;x
1675;43;150;198;Halai;x
1676;85;153;71;Khurunbur;x
1677;127;156;199;Ulunbuur;x
1678;169;159;72;Erena;x
1679;1;162;200;Turang;x
1680;43;165;73;Toba;x
1681;85;168;201;Yueh Zu;x
1682;127;171;74;Gaanzu;x
1683;169;174;202;Kazarajin;x
1684;1;177;75;Tuzamol;x
1685;43;180;203;Cari;x
1686;85;183;76;Aymara;x
1687;127;186;204;Cavadaco;x
1688;169;189;77;Cocoma;x
1689;1;192;205;Tecollinli;x
1690;43;195;78;Macu;x
1691;85;198;206;Tlanayuca;x
1692;127;201;79;Xizoh;x
1693;44;174;78;Yolyamanitzin;x
1694;86;177;206;Choteca;x
1695;128;180;79;Miotl;x
1696;170;183;207;Tehuaca;x
1697;2;186;80;Otltlachquetz;x
1698;44;189;208;Lotlpa;x
1699;86;192;81;Canchu;x
1700;128;195;209;Xlalcatlna;x
1701;170;198;82;Tlitlachtlalxo;x
1702;2;201;210;Cuaxi;x
1703;170;117;167;Ilie;x
1704;2;120;40;Liachnelotl;x
1705;44;123;168;Xoitia;x
1706;86;126;41;Catltli;x
1707;128;129;169;Collaqto;x
1708;170;132;42;Lizcomeya;x
1709;2;135;170;Mamazo;x
1710;44;138;43;Tetla;x
1711;86;141;171;Cuauhlotl;x
1712;128;144;44;Zinmayaotl;x
1713;170;147;172;Pillhuitzloli;x
1714;2;150;45;Lipa;x
1715;44;153;173;Tlili;x
1716;86;156;46;Lotltlizin;x
1717;128;159;174;Tlachcoatl;x
1718;170;162;47;Xuhua;x
1719;2;165;175;Ichco;x
1720;44;168;48;Ciliquopa;x
1721;86;171;176;Apis;x
1722;128;174;49;Catlmox;x
1723;170;177;177;Capac;x
1724;2;180;50;Tliatl;x
1725;44;183;178;Uscac;x
1726;86;186;51;Tohuate;x
1727;128;189;179;Tunsuca;x
1728;170;192;52;Tomiz;x
1729;2;195;180;Camix;x
1730;44;198;53;Ss'ildra;x
1731;86;201;181;Xocixtez;x
1732;128;204;54;Tlalhuecoatl;x
1733;170;207;182;Cauhzaa;x
1734;2;210;55;Zalli;x
1735;44;0;183;Lotltli;x
1736;86;3;56;Naotla;x
1737;128;6;184;Citupis;x
1738;170;9;57;Tlapeco;x
1739;2;12;185;Tlalza;x
1740;44;15;58;Sopa;x
1741;86;18;186;Teuinoch;x
1742;128;21;59;Achcauhtaca;x
1743;170;24;187;Ichchihualpin;x
1744;2;27;60;Sacquetzal;x
1745;44;30;188;Sulpheret Islands;x
1746;86;33;61;Chucaja;x
1747;128;36;189;Incatol;x
1748;170;39;62;Gwangee;x
1749;2;42;190;Xoc;x
1750;44;45;63;Jamarco;x
1751;86;48;191;Tlilantlichi;x
1752;128;51;64;Rauri;x
1753;170;54;192;Axlotl;x
1754;2;57;65;Itza;x
1755;44;60;193;Quetza;x
1756;86;63;66;Xlanhuapec;x
1757;128;66;194;Xahutec;x
1758;170;69;67;Tlaxtlan;x
1759;2;72;195;Tlanxla;x
1760;44;75;68;Chaqua;x
1761;44;204;83;Huatl;x
1762;86;207;211;Xhotl;x
1763;128;210;84;Ganaina;x
1764;170;0;212;Fuming Serpent;x
1765;2;3;85;Spitting Serpent;x
1766;44;6;213;Gwakmol;x
1767;86;9;86;Tlax;x
1768;128;12;214;Pahuax;x
1769;170;15;87;Hexoatl;x
1770;2;18;215;Quetzl;x
1771;44;21;88;Yukka;x
1772;86;24;216;Xocibiki;x
1773;128;27;89;Tabazco;x
1774;170;30;217;Chotec;x
1775;2;33;90;Olquetzchihuitl;x
1776;44;36;218;Amazoc;x
1777;86;39;91;Tlencan;x
1778;128;42;219;Nuakka;x
1779;170;45;92;Chipolatl;x
1780;2;48;220;Tecnotica;x
1781;44;51;93;Zarmuda;x
1782;86;54;221;Tenquili;x
1783;128;57;94;Hualotal;x
1784;170;60;222;Tlancuaquetza;x
1785;2;63;95;Spektazuma;x
1786;44;66;223;Nochi;x
1787;86;69;96;Tlepitzalo;x
1788;128;72;224;Tianquizco;x
1789;170;75;97;Chicahtoc;x
1790;2;78;225;Tetepe;x
1791;44;81;98;Mochicoatl;x
1792;86;84;226;Amocualli;x
1793;128;87;99;Cuahuitl;x
1794;170;90;227;Altepeme;x
1795;2;93;0;Ica;x
1796;44;96;128;Atzoatl;x
1797;86;99;1;Inqa;x
1798;128;102;129;Huici;x
1799;170;105;2;Tehuantin;x
1800;2;108;130;Cocopetl;x
1801;44;111;3;Telpotl;x
1802;86;114;131;Atzintli;x
1803;128;117;4;Ohuatl;x
1804;170;120;132;Nin;x
1805;2;123;5;Huanabic;x
1806;44;126;133;Cenca;x
1807;86;129;6;Xiquihta;x
1808;128;132;134;Tlamo;x
1809;170;135;7;Qu'ittax;x
1810;2;138;135;Xihuitl;x
1811;44;141;8;Quen;x
1812;86;144;136;Xaxocotl;x
1813;128;147;9;Tecihuitl;x
1814;170;150;137;Iyolo;x
1815;2;153;10;Apiztli;x
1816;44;156;138;Xiuhyo;x
1817;86;159;11;Luz;x
1818;167;137;200;Gholar;x
1819;43;78;128;Amaxon River;x
1820;0;174;55;Tilean Sea;x
1821;43;93;3;Amaxon River #2;x
1822;169;102;132;Amaxon River #3;x
1823;1;105;5;Amaxon River #4;x
1824;124;206;249;Amaxon River #5;x
1825;170;150;182;Land's End;x
1826;169;114;42;Ash River;x
1827;126;90;149;Tarantula Coast;x
1828;42;147;178;Bay of Fins;x
1829;0;114;45;Bay of Quietude;x
1830;128;105;139;Bay of Wrecks;x
1831;43;138;138;Bittercleft;x
1832;2;171;150;Black Gulf;x
1833;128;180;24;Black Gulf #2;x
1834;2;186;25;Black Gulf #3;x
1835;44;189;153;Black Gulf #4;x
1836;86;192;26;Black Gulf #5;x
1837;84;180;56;Teeth of the Kraken;x
1838;85;54;6;Thawed Bay;x
1839;42;117;173;Bleak Coast;x
1840;127;129;9;Bleak Coast #2;x
1841;44;96;173;Blood River;x
1842;85;171;16;Tarantula Coast #2;x
1843;44;99;138;Capo Cino;x
1844;44;78;33;Chelihuacan Sea;x
1845;170;42;27;Clar Karond River;x
1846;168;36;32;Coast of Couronne;x
1847;168;51;162;Coast of Lyonesse;x
1848;42;114;208;Coast of Mousillon;x
1849;42;57;163;Coast of Bretonnia;x
1850;150;84;142;Coast of Tiranoc;x
1851;2;87;15;Coast of Caledor;x
1852;86;93;16;Coast of Eataine;x
1853;128;96;144;Coast of Eataine #2;x
1854;170;60;167;Coast of Tulwark;x
1855;84;75;166;Coast of Estalia;x
1856;126;12;99;Coast of Estalia #2;x
1857;168;111;172;Coast of Estalia #3;x
1858;170;105;47;Coast of Estalia #4;x
1859;84;72;201;Svalbard;x
1860;126;33;159;Nordlig;x
1861;2;63;40;Tiranq Sea;x
1862;2;96;10;Coast of Sartosa;x
1863;42;42;33;Coast of Tilea;x
1864;84;57;71;Coast of Tilea #2;x
1865;169;84;37;Sea of Whales;x
1866;126;75;74;Taldursfjord;x
1867;2;198;145;Corsair Strand;x
1868;126;123;174;Mists of Albion;x
1869;2;48;165;Dire Straits;x
1870;127;159;14;Dire Straits #2;x
1871;2;15;150;Dire Straits #3;x
1872;2;111;140;Doom Glades #2;x
1873;44;114;13;Doom Glades #3;x
1874;169;129;172;Drakfljot;x
1875;168;186;57;Draksfjord;x
1876;168;21;157;Drosselspule Bay;x
1877;168;81;167;Finterra;x
1878;84;165;181;Fjelljerfjord;x
1879;128;114;39;Forbidding Coast;x
1880;44;21;33;Golden Coast;x
1881;170;30;162;Golden Coast #2;x
1882;85;93;166;Great Mortis River;x
1883;44;66;168;Coast of Tulwark #2;x
1884;85;108;41;Great Mortis River #2;x
1885;1;180;145;Tiranq Sea #2;x
1886;85;123;171;Great Mortis River #3;x
1887;42;24;193;Great Ocean;x
1888;0;36;195;Great Ocean #2;x
1889;42;87;168;Great Ocean #3;x
1890;84;90;41;Great Ocean #4;x
1891;126;108;44;Great Ocean #5;x
1892;86;117;141;Great Ocean #6;x
1893;128;72;169;Great Ocean #7;x
1894;170;75;42;Great Ocean #8;x
1895;44;81;43;Great Ocean #9;x
1896;86;99;46;Great Ocean #10;x
1897;44;126;178;Great Ocean #11;x
1898;128;84;34;Serpent Sea;x
1899;86;177;151;Tona Dante;x
1900;128;81;14;Great Ocean #12;x
1901;44;90;143;Serpent Sea #2;x
1902;2;102;145;Great Ocean #13;x
1903;44;105;18;Great Ocean #14;x
1904;86;108;146;Great Ocean #15;x
1905;126;63;164;Gulf of Bidouze;x
1906;44;36;163;Gulf of Medes;x
1907;168;6;27;Gulf of Miragliono;x
1908;2;168;140;Gulf of Naggarond;x
1909;1;120;135;Gulf of Olimen;x
1910;170;198;27;Gulf of Sufaga;x
1911;126;153;179;Gulf of the Maelstrom;x
1912;86;36;26;Coast of Albion;x
1913;128;39;154;Hag Graef River;x
1914;86;0;36;Halkildfjord;x
1915;168;63;72;Horj;x
1916;168;156;52;Hjaltfjord;x
1917;168;3;62;Iisenkast;x
1918;128;51;9;Inner Sea;x
1919;126;198;59;Kerrikskarn;x
1920;126;0;189;Kevraan;x
1921;42;18;3;Korvask;x
1922;0;111;80;Dragon's Maw;x
1923;126;15;64;Kraken Sea;x
1924;0;21;65;Kraken Sea #2;x
1925;0;6;190;Kuldevind Sea;x
1926;170;108;12;Lagoon of Tears;x
1927;86;144;181;Lake Ladogash;x
1928;0;81;75;Nordskargi;x
1929;126;60;199;Tilean Sea #2;x
1930;170;120;177;Litoral Sur;x
1931;169;177;17;Amaxon River Mouth;x
1932;170;12;22;Vakraanskar;x
1933;2;126;15;Ludgarsi;x
1934;126;168;54;Manaanspoort Sea;x
1935;168;33;67;Mangrove Coast;x
1936;43;183;18;Mangrove Coast #2;x
1937;168;108;207;Mannan's Teeth;x
1938;85;183;181;Coast of Albion #2;x
1939;42;12;28;Middle Sea;x
1940;128;117;49;Sea of Chaos;x
1941;168;141;177;Taaketskog;x
1942;169;162;142;Mouth of Amaxon;x
1943;128;90;9;Mouth of Qurveza;x
1944;2;45;155;Naggarond River;x
1945;0;96;205;Nordlig #2;x
1946;84;210;61;Peskeyarg;x
1947;44;6;158;Pirate Coast;x
1948;86;9;31;Pirate Coast #2;x
1949;128;12;159;Pirate Coast #3;x
1950;86;102;11;Pirate's Current;x
1951;44;93;163;Sunken Lands;x
1952;43;108;133;Vampire Coast;x
1953;127;186;54;Rime;x
1954;43;180;53;River Aver;x
1955;170;144;152;River Aver #2;x
1956;43;150;48;River Bogen;x
1957;42;132;48;Vestligkyst;x
1958;85;138;46;River Brienne;x
1959;2;192;160;River Brienne #2;x
1960;170;189;32;River Dypvann;x
1961;1;132;45;River Grismerie;x
1962;86;159;56;River Grismerie #2;x
1963;44;12;38;River Grismerie #3;x
1964;86;198;161;River Guadariz;x
1965;0;204;60;Volgran;x
1966;128;9;149;River Kwitanga;x
1967;43;123;8;River Lambada;x
1968;169;144;47;River Lynsk;x
1969;2;123;50;River Lynsk #2;x
1970;44;171;58;River Lynsk #3;x
1971;42;54;198;River Morceaux;x
1972;168;66;37;River Niveau;x
1973;128;57;39;River Olimen;x
1974;42;72;38;River Phrates;x
1975;43;168;143;River Phrates #2;x
1976;44;108;38;River Qurveza;x
1977;0;176;128;River Qurveza #2;x
1978;169;159;177;River Reik;x
1979;1;162;50;River Reik #2;x
1980;127;171;179;River Reik #3;x
1981;1;177;180;River Reik #4;x
1982;170;153;147;River Reik #5;x
1983;2;156;20;River Reik #6;x
1984;86;162;21;River Reik #7;x
1985;128;156;154;River Reik #8;x
1986;1;150;140;River Riati;x
1987;43;153;13;River Riati #2;x
1988;128;132;179;River Rugavalk;x
1989;170;87;162;Sunken Lands #2;x
1990;170;165;57;River Sannez;x
1991;128;18;39;River Sannez #2;x
1992;2;147;25;River Soll;x
1993;127;126;44;River Starnek;x
1994;2;90;35;Sunken Lands #3;x
1995;128;201;34;River Starnek #2;x
1996;128;150;19;River Stir;x
1997;170;129;22;River Stir #2;x
1998;86;138;151;River Stir #3;x
1999;85;153;176;River Talabec;x
2000;127;156;49;River Talabec #2;x
2001;44;159;148;River Talabec #3;x
2002;128;171;29;River Talabec #4;x
2003;86;129;51;River Talebec;x
2004;44;195;33;River Tarmos;x
2005;86;48;136;River Tigis;x
2006;2;57;10;Straits of Lothern;x
2007;2;177;30;River Tobol;x
2008;44;180;158;River Tobol #2;x
2009;128;186;159;River Tolsol;x
2010;170;159;27;River Urskoy;x
2011;44;165;28;River Urskoy #2;x
2012;86;111;166;River Zapadryeka;x
2013;126;30;194;Sea of Chaos #2;x
2014;84;42;196;Sea of Chaos #3;x
2015;126;45;69;Sea of Chaos #4;x
2016;170;123;142;Sea of Chaos #5;x
2017;170;15;32;Straits of Despair;x
2018;169;117;7;Sea of Chaos #6;x
2019;1;135;10;Sea of Chaos #7;x
2020;85;156;141;Sea of Chaos #8;x
2021;86;96;36;Forbidding Sea;x
2022;128;99;164;Forbidding Sea #2;x
2023;128;207;19;Sea of Chill;x
2024;2;0;20;Sea of Chill #2;x
2025;0;159;180;Sea of Claws;x
2026;126;78;39;Sea of Claws #2;x
2027;128;27;34;Sea of Claws #3;x
2028;128;36;134;Sea of Dreams;x
2029;170;39;7;Sea of Dreams #2;x
2030;2;42;135;Sea of Dreams #3;x
2031;44;30;133;Sea of Dusk;x
2032;86;33;6;Sea of Dusk #2;x
2033;86;174;141;Sea of Malice;x
2034;128;177;14;Sea of Malice #2;x
2035;86;189;16;Sea of Malice #3;x
2036;170;195;17;Sea of Malice #4;x
2037;44;201;18;Sea of Malice #5;x
2038;86;204;146;Sea of Malice #6;x
2039;127;36;29;Sea of Murder;x
2040;169;39;157;Sea of Murder #2;x
2041;86;123;21;Sea of Murder #3;x
2042;84;87;76;Starivoda Bay;x
2043;1;165;15;Serpent Coast;x
2044;44;48;28;Serpent Coast #2;x
2045;86;51;156;Serpent Coast #3;x
2046;44;63;158;Serpent Coast #4;x
2047;86;66;31;Serpent Coast #5;x
2048;128;69;159;Serpent Sea #3;x
2049;170;72;32;Serpent Sea #4;x
2050;44;60;138;Shifting Isles;x
2051;86;63;11;Shifting Isles #2;x
2052;128;66;139;Shifting Isles #3;x
2053;170;69;12;Shifting Isles #4;x
2054;2;72;140;Shifting Isles #5;x
2055;44;75;13;Shifting Isles #6;x
2056;86;78;141;Shifting Isles #7;x
2057;168;126;47;Siren Sea;x
2058;2;201;155;Siren Sea #2;x
2059;84;150;51;Soerligslette;x
2060;1;90;130;Sorceror's Sea;x
2061;85;126;136;South Lynsk;x
2062;86;54;166;Gulf of Durbaita;x
2063;170;0;157;Southern Sea;x
2064;128;87;44;Southern Sea #2;x
2065;2;108;175;Southern Sea #3;x
2066;127;114;134;Sea of Squalls;x
2067;128;147;54;Zorn Uzkul;x
2068;44;18;23;Wyvern Lake;x
2069;170;27;152;Lake of the Abyss;x
2070;128;135;144;Mortis Tarn;x
2071;128;24;24;Witch Sea;x
2072;170;138;17;Pool of Ashes;x
2073;6;173;149;Lake of Eyes;x
2074;86;21;151;Kraken Lake;x
2075;86;30;41;Azurem;x
2076;169;189;182;Huanyar;x
2077;2;30;25;Cold Water Lake;x
2078;44;33;153;Black Lake;x
2079;85;111;6;Boiling Sea;x
2080;1;192;55;Angara;x
2081;86;147;146;Black Water;x
2082;24;24;79;Isle of the Dead;x
2083;185;94;3;Turtle Isles;x
2084;216;234;173;Anulii Mountains;x
2085;216;179;64;Anulii Mountains #2;x
2086;15;167;255;Mists of Gaen;x
2087;43;87;73;Spine of Sotek;x
2088;18;39;43;Great Jungle;x
2089;194;176;231;Sahra Desert;x
2090;194;176;0;Land of the Dead;x
2091;85;90;201;Plateau of Leng;x
2092;127;93;74;Blackspine Mountains;x
2093;1;84;200;Grey Guardians;x
2094;169;96;202;Mountains of Madness;x
2095;44;84;8;Massif Oreal;x
2096;0;229;25;Pale Sisters;x
2097;84;0;26;Middle Mountains;x
2098;126;48;34;Goromadny Mountains;x
2099;84;45;161;Apucinni Mountains;x
2100;85;39;231;Southlands;x
2101;126;105;79;Vanaheim Mountains;x
2102;42;99;78;Helspire Mountains;x
2103;168;93;77;Frostheim Mountains;x
2104;126;90;204;Mountains of Thjazi;x
2105;0;204;67;Khuuitan Shelf;x
2106;85;99;141;Ice Tooth Mountains;x
2107;127;102;14;Mountains of Naglfari;x
2108;169;105;142;Athel Loren;x
2109;1;108;15;Ulfwerenar Mountains;x
2110;43;111;143;Trollheim Mountains;x
2111;85;114;16;Skadi Mountains;x
2112;127;117;144;Mountains of Hel;x
2113;169;120;17;Gianthome Mountains;x
2114;1;123;147;Grey Mountains;x
2115;43;126;18;Abasko Mountains;x
2116;85;129;146;The Vaults;x
2117;127;132;19;Black Mountains;x
2118;169;135;147;Culchan Plains;x
2119;1;138;20;Crater of Zharr;x
2120;43;141;148;Icewind Mountains;x
2121;85;144;21;Azgorh;x
2122;127;147;149;Beastblood Mountains;x
2123;169;150;22;Stormrim;x
2124;1;153;150;Chaos Wastes;x
2125;203;149;58;Bylorhof Marsh;x
2126;85;159;151;Blighted Marshes;x
2127;127;162;24;World's Edge Mountains;x
2128;169;165;152;Irrana Mountains;x
2129;1;168;25;Swamp of Terror;x
2130;43;171;153;Cold Mire;x
2131;169;3;222;The Frostbites;x
2132;127;177;154;Mountains of Mourn;x
2133;169;180;27;Plateau of K'Datha;x
2134;1;183;155;Pillars of the Gods;x
2135;43;186;28;Plateau of Zorn Uzkul;x
2136;85;189;156;Jagged Spine;x
2137;127;192;29;The Haunted Forest;x
2138;128;0;199;Crevice of Doom;x
2139;170;3;72;Scalding Delta;x
2140;52;149;203;Southlands #2;x
2141;173;216;240;Ironfrost Glacier;x
2142;167;185;21;World's Edge Mountains #2;x
2143;228;209;155;Black Forest;x
2144;185;137;118;Crater of the Dead;x
2145;2;21;75;Realm of Chaos;x
2146;216;49;106;Forest of Arden;x
2147;188;197;200;Forest of Woe;x
2148;255;6;121;Isle of the Flame;x
2149;228;106;15;Devil's Backbone Mountains;x
2150;182;162;39;Aguidi Mountains;x
2151;134;82;124;Adhrar Mountains;x
2152;112;152;205;Cursed Jungle;x
2153;113;153;206;Drakwald;x
2154;115;154;207;The Under-Empire;x
2155;186;215;125;Spiteful Peaks;x
2156;112;146;255;Ashenspikes;x
2157;94;213;209;World's Edge Mountains #3;x
2158;255;185;200;Mountains of Mourn #2;x
2159;103;21;137;Road to the East;x
2160;240;167;12;Ivory Road;x
2161;24;30;231;Spice Route;x
2162;39;203;82;Golden Route;x
2163;137;170;124;Taharq;x
2164;76;146;131;Mutiris;x
2165;43;70;146;Pekash;x
2166;149;112;179;Tabeken;x
2167;164;97;94;Dakkai;x
2168;219;124;234;Hozaj;x
2169;185;225;225;Teppan;x
2170;39;252;179;Queeking Pit Run;x
2171;255;182;240;Glowstone Run;x
2172;231;228;33;Rat Run;x
2173;0;100;249;Blood Sink Run;x
2174;94;252;33;Chilled Run;x
2175;194;18;255;Many Gates Run;x
2176;39;228;243;Low Run;x
2177;255;206;118;Warping Run;x
2178;213;9;170;Scurrying Run;x
2179;0;85;216;Clawed Run;x
2180;169;27;92;River Ruin;x
2181;43;33;93;River Ruin #2;x
2182;127;39;94;River Ruin #3;x
2183;85;78;36;Lizard Sea;x
2184;43;48;223;River Ruin #4;x
2185;169;69;162;Lizard Sea #2;x
2186;169;57;97;Sour Sea;x
2187;43;63;98;River Ruin #5;x
2188;85;66;226;River Ruin #6;x
2189;127;69;99;River Ruin #7;x
2190;1;195;20;Bitter Sea;x
2191;43;198;148;Serpent's Coast;x
2192;85;201;21;Bitter Sea #2;x
2193;127;204;149;Sea of Storms;x
2194;169;207;22;Sea of Storms #2;x
2195;1;210;150;Sea of Storms #3;x
2196;1;72;35;Lizard Sea #3;x
2197;85;3;151;Gulf of Fear;x
2198;127;6;24;Coast of Kharpentharia;x
2199;169;9;152;Lizard Sea #4;x
2200;43;15;153;Bitter Sea #3;x
2201;169;24;27;Straits of Nagash;x
2202;43;30;28;Lizard Sea #5;x
2203;43;60;33;Lizard Sea #6;x
2204;86;18;131;The Claws;x
2205;170;102;37;River Ruin #8;x
2206;43;45;158;Lizard Sea #7;x
2207;109;112;185;Khensa;x
2208;52;143;91;Kandac;x
2209;109;49;43;Napath;x
2210;194;194;21;Tembe;x
2211;161;140;206;El-Dhahab;x
2212;158;115;173;Karak Grunrig;x
2213;49;158;191;Thanstisk;x
2214;79;203;222;Kurth;x
2215;36;67;131;Vermat;x
2216;64;94;152;Bellholm;x
2217;103;140;209;Othrod;x
2218;64;200;225;Skreel;x
2219;46;131;118;Milug;x
2220;112;76;152;Felgrime;x
2221;173;146;100;Orbul;x
2222;3;152;197;Skab;x
2223;143;61;64;Bismire;x
2224;216;161;121;Ekkix;x
2225;200;137;167;Blorgak;x
2226;158;188;176;Muzgapit;x
2227;30;94;85;Nikkit;x
2228;149;115;222;Dynarstmire;x
2229;18;55;21;Stonunt;x
2230;188;200;43;Stormpaw;x
2231;112;100;234;Buchak;x
2232;203;167;158;Fleg;x
2233;155;67;167;Volbrag;x
2234;103;216;73;Kill-Kill;x
2235;188;231;203;Kelpok;x
2236;85;137;231;Qahq;x
2237;194;73;216;Innik;x
2238;70;124;152;Snakhak;x
2239;203;222;112;Clifakk;x
2240;225;91;94;Caw;x
2241;170;146;24;Zurpack;x
2242;249;83;55;Secterlus;x
2243;231;209;15;Kazarkon;x
2244;243;67;131;Horat;x
2245;155;49;112;Haalesh;x
2246;213;121;228;Riggik;x
2247;49;222;167;Niz;x
2248;167;228;182;Farsnikk;x
2249;121;115;49;Skurbix;x
2250;36;91;240;Fel-Star;x
2251;61;143;70;Oilhead;x
2252;143;58;146;Noxxi;x
2253;134;43;73;Jicaz;x
2254;200;85;39;Baznik;x
2255;88;134;185;Kritz;x
2256;49;85;152;Tailhole;x
2257;115;161;103;Rustish;x
2258;234;30;194;Maggik;x
2259;52;49;225;Zrikmat;x
2260;213;103;225;Skleeter;x
2261;128;115;176;Vermineth;x
2262;222;216;146;Vargran;x
2263;155;100;79;Vittner;x
2264;200;216;18;Sneeaz;x
2265;39;91;18;Paskol;x
2266;106;61;106;Vyupt;x
2267;179;124;243;Snutz;x
2268;97;76;76;Pash;x
2269;188;200;33;Glasha;x
2270;64;67;188;Sniksnik;x
2271;200;206;134;Ratlok;x
2272;118;137;203;Griskul;x
2273;39;194;182;Frikskab;x
2274;121;43;112;Dustpaq;x
2275;194;179;152;Kratismatz;x
2276;46;39;27;Rhiquee;x
2277;100;100;46;Skirsdrak;x
2278;188;182;103;Azhnaard;x
2279;109;109;179;Fekkol;x
2280;88;137;225;Snagar;x
2281;170;197;194;Morsrin;x
2282;52;91;88;Praxvix;x
2283;97;191;155;Gazat;x
2284;167;124;200;Ironwheel;x
2285;155;36;76;Skret;x
2286;152;91;161;Gnawis;x
2287;44;99;88;Yn Edri Eternos;x
2288;2;96;215;Cerura Carn;x
2289;128;90;214;Drune Fell;x
2290;170;93;87;Tal Eth Ayr;x
2291;86;87;86;Yn Edryl Koiran;x
2292;2;81;85;Druthandor;x
2293;44;84;213;Tal Cullon;x
2294;128;105;89;Tal Govorn;x
2295;86;102;216;Tal Merion;x
2296;170;168;227;Anaereth;x
2297;86;177;1;Ithorien;x
2298;2;171;0;Tal Brianda;x
2299;128;165;99;Tal Hakan;x
2300;44;174;128;Ystin Morai-Heg;x
2301;44;159;98;Addaivoch;x
2302;2;156;225;Tal Rond;x
2303;86;162;226;Tal Valerin;x
2304;86;207;6;Tal Fyr Eternos;x
2305;44;54;208;Locrimere;x
2306;44;204;133;Naiados;x
2307;128;45;79;Tal Enda Varian;x
2308;2;51;80;Tal Esth;x
2309;170;198;132;Beithir Seun;x
2310;2;201;5;Sumnos;x
2311;86;42;206;Alarin;x
2312;170;48;207;Ystin Lileath;x
2313;44;114;218;Coeth-mara;x
2314;128;120;219;Inverin;x
2315;2;111;90;Tal Amere;x
2316;170;108;217;Tal Drost;x
2317;86;117;91;Tal Mora;x
2318;2;126;93;Equos;x
2319;86;132;221;Cromarc;x
2320;170;123;92;Tal Amara;x
2321;44;129;93;Yn Cavaroc;x
2322;86;72;211;Cullodinen;x
2323;170;78;212;Tyr Edrell;x
2324;128;75;84;Tyr Vanna;x
2325;170;153;97;Festalym;x
2326;86;147;96;Threllock;x
2327;128;150;224;Ystin Eldrazor;x
2328;170;138;222;Talrennic;x
2329;44;144;223;Edryl Modr;x
2330;128;135;94;Tal Stornos;x
2331;2;141;95;Ystin Drakira;x
2332;170;33;77;Delliandra;x
2333;128;30;204;Tal Driacha;x
2334;44;39;78;Tal Silvoch;x
2335;2;36;205;Tirsyth;x
2336;44;189;3;Ystin Vaul;x
2337;2;186;130;Tal Dovar;x
2338;128;195;4;Durthu;x
2339;86;192;131;Callach-mor;x
2340;170;183;2;Myrga;x
2341;128;180;129;Cromlech Cadai;x
2342;44;69;83;Findol;x
2343;170;0;7;Sylamel;x
2344;2;66;210;Tal Jul-finel;x
2345;86;57;81;Tal Varigan;x
2346;128;60;209;Cader Donam;x
2347;170;63;82;Eomain Tarn;x
2348;128;210;134;Sceolath-mar;x
2349;103;182;188;Gorgorrok;x
2350;115;70;143;Blizzardpeak;x
2351;109;73;82;Icespewer;x
2352;97;121;79;Fire Mouth;x
2353;103;121;155;Cragg;x
2354;79;94;64;Sorgok;x
2355;173;164;173;Azorn;x
2356;52;49;109;Jabbarok;x
2357;124;206;209;Yhetee Peak;x
2358;188;209;255;Tuskar;x
2359;70;100;234;Chimarak;x
2360;58;73;106;Lake of Eyes;x
2361;97;121;18;Jagrol;x
2362;79;219;155;Nergell;x
2363;149;79;52;Vanshrak;x
2364;85;134;173;Flayed Rock;x
2365;128;55;30;The Horr;x
2366;191;191;155;Bulgark;x
2367;121;36;82;Skarfar;x
2368;121;146;91;Karngorge;x
2369;149;146;27;Vargenspeak;x
2370;194;158;121;Scraggamire;x
2371;164;112;67;Zabarob;x
2372;149;131;176;Direbogs;x
2373;152;194;143;Skrapland;x
2374;82;85;146;Gnoblarik;x
2375;61;70;246;Under-Tobaro;x
2376;118;200;88;Under-Miragliano;x
2377;79;76;91;Hell Pit;x
2378;203;94;234;Seep-Gore;x
2379;143;97;197;Under-Middenheim;x
2380;188;121;176;Under-Altdorf;x
2381;88;228;197;Under-Mordheim;x
2382;231;134;67;Under-Tlanqua;x
2383;179;91;64;Black Chasm;x
2384;131;94;225;Under-Mousillon;x
2385;149;167;234;Under-Quetza;x
2386;52;179;118;Putrid Sump;x
2387;18;188;197;Foul Peak;x
2388;161;33;191;Fester Spike;x
2389;140;70;112;Bulletslinger;x
2390;76;155;58;Urbulx;x
2391;194;131;155;Unorrad;x
2392;106;73;203;Malkat;x
2393;170;164;185;Durlik;x
2394;109;124;206;Gorbolg;x
2395;61;103;234;Burzarr;x
2396;240;58;67;Gnawskittar;x
2397;231;100;21;City of Pillars;x
2398;149;140;249;Nathak;x
2399;33;200;12;Cursed Pit;x
2400;88;134;24;Blacklock;x
2401;158;103;49;Crookback Pit;x
2402;222;32;176;The Under-Empire #2;x
2403;13;13;13;Skaven Tunnels;x
2404;33;184;30;Great Ogham;x
2405;227;89;14;Isle of Wights;x
2406;47;241;125;Mudwalls;x
2407;110;203;28;Hunndaidh;x
2408;204;227;14;Ochness;x
2409;104;246;171;Bleakmoor;x
2410;74;79;186;High Aeryn;x
2411;104;191;246;Blackwood;x
2412;234;222;83;Wisp Marshes;x
2413;96;222;3;Barrowlands;x
2414;227;169;14;Gwron;x
2415;111;164;53;Bol-A-Hat;x
2416;170;118;170;Beast Peaks;x
2417;91;158;100;Krak the Wanderer;x
2418;140;206;81;Doom Glades;x
2419;112;55;112;Zyrm the Devourer;x
2420;225;73;73;The Fields of Hate;x
2421;164;82;167;The Ragged Maze;x
2422;173;106;173;Skull Road;x
